insert into clienti values(001, 'Gianluca Pepe', 'Napoli', 'Scarlatti', 100, 80127, 'gianluca@gmail.com', '393475679346');
insert into clienti values(002, 'Marco Rossi', 'Napoli', 'Bernini', 57, 80126, 'marco@gmail.com', '393477903548');
insert into clienti values(003, 'Antonio Pellicia', 'Napoli', 'Toledo', 5, 80120, 'antonio@gmail.com', '393471627840');
insert into clienti values(004, 'Andrea Pedata', 'Napoli', 'Cilea', 87, 80125, 'andrea@gmail.com', '393473578845');
insert into clienti values(005, 'Maria Cella', 'Napoli', 'Luca Giordano', 20, 80101, 'maria@gmail.com', '393476783564');
insert into clienti values(006, 'Annachiara Cioffi', 'Napoli', 'Kerbaker', 90, 80125, 'annachiara@gmail.com', '393472367895');
insert into clienti values(007, 'Carlotta Conta', 'Napoli', 'Salvator Rosa', 20, 80123, 'carlotta@gmail.com', '393475382906');
insert into clienti values(008, 'Riccardo Motta', 'Napoli', 'Luigia San felice', 71, 80127, 'riccardo@gmail.it', '393318002252');
insert into clienti values(009, 'Dario Contiguo', 'Napoli', 'Bernini', 35, 80128, 'contiguo@gmail.it', '393458563458');
insert into clienti values(010, 'Dario Pinto', 'Napoli', 'Vanvitelli', 26, 80127, 'dario@gmail.it', '393317658792');
insert into clienti values(011, 'Luca Petracca', 'Napoli', 'Mario Fiore', 112, 80129, 'petronio@tim.it', '393345678912');
insert into clienti values(012, 'Alberto Lupo', 'Napoli', 'Niutta', 3, 80125, 'alberto@gmail.it', '393317658792');
insert into clienti values(013, 'Aldo Ese', 'Napoli', 'Kerbaker', 78, 80127, 'ese@gmail.it', '423312854360');
insert into clienti values(014, 'Leonardo Scrocca', 'Napoli', 'Giotto', 45, 80127, 'scrocca@gmail.com', '413789235678');
insert into clienti values(015, 'Fabio Brocco', 'Napoli', 'Luca Giordano', 78, 80121, 'broker@gmail.com', '403316924326');


insert into carte values(1234453678657896,001, 121, '02/22', 'Gianluca Pepe');
insert into carte values(2567895678453670,002, 290, '05/21', 'Marco Rossi');
insert into carte values(5678530936785430,003, 287, '07/23', 'Antonio Pellicia');
insert into carte values(5678934509564389,004, 100, '09/20', 'Andrea Pedata');
insert into carte values(1289563498537865,005, 987, '10/21', 'Maria Cella');
insert into carte values(1782367809870093,006, 800, '05/24', 'Annachiara Cioffi');
insert into carte values(1187226534896532,007, 111, '12/21', 'Carlotta Conta');
insert into carte values(6743901235683456,008, 234, '06/23', 'Riccardo Motta');
insert into carte values(1793457283045672,009, 890, '03/26', 'Dario Contiguo');
insert into carte values(3157942567035647,010, 776, '05/23', 'Dario Pinto');
insert into carte values(1234453678657846,011, 615, '03/22', 'Luca Petracca');
insert into carte values(8135602367498345,012, 138, '12/23', 'Alberto Lupo');
insert into carte values(9236478012346729,013, 648, '01/21', 'Aldo Ese');
insert into carte values(5472917482719346,014, 427, '03/26', 'Leonardo Scrocca');
insert into carte values(2517304726482018,015, 048, '10/23', 'Fabio Brocco');


insert into fornitori values('Trianon', 'Napoli', 'trianon@gmail.com', 'pizzeria');
insert into fornitori values('Michele', 'Napoli', 'michele@gmail.com', 'pizzeria');
insert into fornitori values('Ham-Bell', 'Napoli', 'hambell@gmail.com', 'panineria');
insert into fornitori values('Fresco', 'Napoli', 'fresco@gmail.com', 'pizzeria');
insert into fornitori values('Konoah', 'Napoli', 'Konoah@gmail.com', 'sushi');
insert into fornitori values('Signora Bettola','Napoli','bettola@gmail.com','pizzeria');
insert into fornitori values('Steak house', 'Napoli', 'Steak@gmail.com', 'pub');
insert into fornitori values('Puok', 'Napoli', 'Puok@gmail.com', 'panineria');
insert into fornitori values('Magia', 'Napoli', 'Magia@gmail.com', 'panineria');
insert into fornitori values('Hachi', 'Napoli', 'Hachi@gmail.com', 'sushi');
insert into fornitori values('Sorbillo', 'Napoli', 'Sorbillo@gmail.com', 'pizzeria');
insert into fornitori values('Dog-Out', 'Napoli', 'DogOut@gmail.com', 'panineria');
insert into fornitori values('Sapporo', 'Napoli', 'Sapporo@gmail.com', 'sushi');
insert into fornitori values('Tortora', 'Napoli', 'Tortora@gmail.com', 'panineria');
insert into fornitori values('Valù', 'Napoli', 'Valù@gmail.com', 'risotteria');


insert into telefoni_fornitori values(0817430202,'Trianon');
insert into telefoni_fornitori values(0817430224,'Michele');
insert into telefoni_fornitori values(0817435665,'Ham-Bell');
insert into telefoni_fornitori values(3394213441,'Fresco');
insert into telefoni_fornitori values(0817435225,'Konoah');
insert into telefoni_fornitori values(0817435673,'Signora Bettola');
insert into telefoni_fornitori values(0817434444,'Steak house');
insert into telefoni_fornitori values(0817436666,'Puok');
insert into telefoni_fornitori values(0817432123,'Magia');
insert into telefoni_fornitori values(0817432213,'Hachi');
insert into telefoni_fornitori values(0817432576,'Sorbillo');
insert into telefoni_fornitori values(0817437681,'Dog-Out');
insert into telefoni_fornitori values(0817437224,'Sapporo');
insert into telefoni_fornitori values(0817438968,'Tortora');
insert into telefoni_fornitori values(0817435231,'Valù');


insert into prodotti values(111,'pizza Margherita',4);
insert into prodotti values(112,'pizza Marinara',3);
insert into prodotti values(113,'panino Ham-Bell',8);
insert into prodotti values(114,'Calzone',5);
insert into prodotti values(115,'Sushi rolls',7);
insert into prodotti values(116,'pizza quattro formaggi',6);
insert into prodotti values(117,'Bistecca di Vitello',18);
insert into prodotti values(118,'Django',8);
insert into prodotti values(119,'Crocco-Pizza',7);
insert into prodotti values(120,'Gamberi in tempura',2);
insert into prodotti values(121,'Pizza fritta',6);
insert into prodotti values(122,'Hot Dog',3);
insert into prodotti values(123,'Involtino Primavera',5);
insert into prodotti values(124,'Panino Supermario',10);
insert into prodotti values(125,'Risotto verde',8);
insert into prodotti values(126,'Bufalina',7);
insert into prodotti values(127,'Prosciutto e rucola',7);
insert into prodotti values(128,'panino al salame',8);
insert into prodotti values(129,'Ripieno',5);
insert into prodotti values(130,'Nigiri',7);
insert into prodotti values(131,'Mimosa',6);
insert into prodotti values(132,'Bistecca di Manzo',18);
insert into prodotti values(133,'Mammà',7);
insert into prodotti values(134,'Diavola',7);
insert into prodotti values(135,'Noodles',2);
insert into prodotti values(136,'Pizza fritta al pepe',6);
insert into prodotti values(137,'Piadina',3);
insert into prodotti values(138,'Ramen',5);
insert into prodotti values(139,'Panino Kansas',10);
insert into prodotti values(140,'Risotto al sugo',8);
insert into prodotti values(141,'Wurstel e patatine',7);
insert into prodotti values(142,'Pizza lasagna',7);
insert into prodotti values(143,'panino al prosciutto',8);
insert into prodotti values(144,'Ripieno con ricotta',5);
insert into prodotti values(145,'Sashimi',7);
insert into prodotti values(146,'Salsiccia e friarielli',6);
insert into prodotti values(147,'Bistecca di Maiale',18);
insert into prodotti values(148,'Pazzo Furioso',9);
insert into prodotti values(149,'Pizza Caprese',7);
insert into prodotti values(150,'Ravioli al vapore',2);
insert into prodotti values(151,'Pizza fritta con polpette',6);
insert into prodotti values(152,'Cheeseburger',3);
insert into prodotti values(153,'Sushi Rolls',6);
insert into prodotti values(154,'Panino Amsterdam',8);
insert into prodotti values(155,'Risotto alla pescatora',12);

insert into tragitti values (01, 2, 20);
insert into tragitti values (02, 4, 20);
insert into tragitti values (03, 1, 5);
insert into tragitti values (04, 1, 8);
insert into tragitti values (05, 3, 13);
insert into tragitti values (06, 6, 25);
insert into tragitti values (07, 5, 23);
insert into tragitti values (08, 2, 13);
insert into tragitti values (09, 3, 15);
insert into tragitti values (10,7, 20);
insert into tragitti values (11,1, 7);
insert into tragitti values (12,2, 10);
insert into tragitti values (13,9, 50 );
insert into tragitti values (14,6, 30);
insert into tragitti values (15,4, 23);


insert into riders values (211,01,'Trianon', 'Marco Antonelli', 'interno', 00393886749037, 'Motorino');
insert into riders values (212,02,'Michele', 'Antonio Effe', 'esterno', 00393476574830, 'Motorino');
insert into riders values (213,03,'Ham-Bell', 'Vinceno Santana', 'interno', 00393884756389, 'Motorino');
insert into riders values (214,04,'Fresco', 'Fabio Rovazzi', 'interno', 00393884328764, 'Motorino');
insert into riders values (215,05,'Konoah', 'Lorenzo Simeone', 'interno', 00393884820149, 'Motorino');
insert into riders values (216,06,'Signora Bettola', 'Dylan Cerulli', 'esterno', 00393883456097, 'Motorino');
insert into riders values (217,07,'Steak house','Antonella Damico', 'interno', 00393883478267, 'Motorino');
insert into riders values (218,08,'Puok', 'Gianmarco Cascoide', 'interno', 00393884763829, 'Motorino');
insert into riders values (219,09,'Magia', 'Antonio Montana', 'interno', 00393346745389, 'Motorinoa');
insert into riders values (220,10,'Hachi', 'Alessandro Dema', 'interno', 00393887108943, 'Motorino');
insert into riders values (221,11,'Sorbillo', 'Alessandro Badone', 'esterno', 00393475367156, 'Motorino');
insert into riders values (222,12,'Dog-Out', 'Luca Sesamo', 'interno', 00393887189164, 'Motorino');
insert into riders values (223,13,'Sapporo', 'Francesco Friccio', 'interno', 00393881839189, 'Motorino');
insert into riders values (224,14,'Tortora', 'Nicola Motta', 'esterno', 00393882579109, 'Motorino');
insert into riders values (225,15,'Valù', 'Lucia Bianchi', 'interno', 00393886180327, 'Vespa');


insert into feedbacks values(1,001, 3);
insert into feedbacks values(2,002, 2);
insert into feedbacks values(3,003, 1);
insert into feedbacks values(4,004, 5);
insert into feedbacks values(5,005, 4);
insert into feedbacks values(6,006, 5);
insert into feedbacks values(7,007, 3);
insert into feedbacks values(8,008, 4);
insert into feedbacks values(9,009, 1);
insert into feedbacks values(10,010, 4);
insert into feedbacks values(11,011, 5);
insert into feedbacks values(12,012, 3);
insert into feedbacks values(13,013, 5);
insert into feedbacks values(14,014, 4);
insert into feedbacks values(15,015, 2);


insert into ordinazioni values (001, 'Trianon', TO_DATE('10-05-20','dd-MM-yyyy'));
insert into ordinazioni values (002, 'Ham-Bell', TO_DATE('12-05-20','dd-MM-yyyy'));
insert into ordinazioni values (003, 'Konoah', TO_DATE('11-05-20','dd-MM-yyyy'));
insert into ordinazioni values (004, 'Puok', TO_DATE('10-05-20','dd-MM-yyyy'));
insert into ordinazioni values (005, 'Signora Bettola', TO_DATE('10-05-20','dd-MM-yyyy'));
insert into ordinazioni values (006, 'Steak house', TO_DATE('10-05-20','dd-MM-yyyy'));
insert into ordinazioni values (007, 'Michele', TO_DATE('14-05-20','dd-MM-yyyy'));
insert into ordinazioni values (008, 'Fresco', TO_DATE('10-05-20','dd-MM-yyyy'));
insert into ordinazioni values (009, 'Magia', TO_DATE('12-05-20','dd-MM-yyyy'));
insert into ordinazioni values (010, 'Hachi', TO_DATE('15-05-20','dd-MM-yyyy'));
insert into ordinazioni values (011, 'Sorbillo', TO_DATE('10-05-20','dd-MM-yyyy'));
insert into ordinazioni values (012, 'Dog-Out', TO_DATE('11-05-20','dd-MM-yyyy'));
insert into ordinazioni values (013, 'Sapporo', TO_DATE('12-05-20','dd-MM-yyyy'));
insert into ordinazioni values (014, 'Tortora', TO_DATE('10-05-20','dd-MM-yyyy'));
insert into ordinazioni values (015, 'Valù', TO_DATE('14-05-20','dd-MM-yyyy'));


insert into menù values('Trianon', 111);
insert into menù values('Michele', 112);
insert into menù values('Ham-Bell', 113);
insert into menù values('Fresco', 114);
insert into menù values('Konoah', 115);
insert into menù values('Signora Bettola', 116);
insert into menù values('Steak house', 117);
insert into menù values('Puok', 118);
insert into menù values('Magia', 119);
insert into menù values('Hachi', 120);
insert into menù values('Sorbillo', 121);
insert into menù values('Dog-Out', 122);
insert into menù values('Sapporo', 123);
insert into menù values('Tortora', 124);
insert into menù values('Valù', 125);
insert into menù values('Trianon', 126);
insert into menù values('Michele', 127);
insert into menù values('Ham-Bell', 128);
insert into menù values('Fresco', 129);
insert into menù values('Konoah', 130);
insert into menù values('Signora Bettola', 131);
insert into menù values('Steak house', 132);
insert into menù values('Puok', 133);
insert into menù values('Magia', 134);
insert into menù values('Hachi', 135);
insert into menù values('Sorbillo', 136);
insert into menù values('Dog-Out', 137);
insert into menù values('Sapporo', 138);
insert into menù values('Tortora', 139);
insert into menù values('Valù', 140);
insert into menù values('Trianon', 141);
insert into menù values('Michele', 142);
insert into menù values('Ham-Bell', 143);
insert into menù values('Fresco', 144);
insert into menù values('Konoah', 145);
insert into menù values('Signora Bettola', 146);
insert into menù values('Steak house', 147);
insert into menù values('Puok', 148);
insert into menù values('Magia', 149);
insert into menù values('Hachi', 150);
insert into menù values('Sorbillo', 151);
insert into menù values('Dog-Out', 152);
insert into menù values('Sapporo', 153);
insert into menù values('Tortora', 154);
insert into menù values('Valù', 155);

insert into ricevimento values (001, 211, 'Trianon');
insert into ricevimento values (002, 212, 'Michele');
insert into ricevimento values (003, 213, 'Ham-Bell');
insert into ricevimento values (004, 214, 'Fresco');
insert into ricevimento values (005, 215, 'Konoah');
insert into ricevimento values (006, 216, 'Signora Bettola');
insert into ricevimento values (007, 217, 'Steak house');
insert into ricevimento values (008, 218, 'Puok');
insert into ricevimento values (009, 219, 'Magia');
insert into ricevimento values (010, 220, 'Hachi');
insert into ricevimento values (011, 221, 'Sorbillo');
insert into ricevimento values (012, 222, 'Dog-Out');
insert into ricevimento values (013, 223, 'Sapporo');
insert into ricevimento values (014, 224, 'Tortora');
insert into ricevimento values (015, 225, 'Valù');